ChapterName,TestNumber,QuestionNumber,Answer
Classification of Matter,1,1,C
Classification of Matter,1,2,C
Classification of Matter,1,3,A
Classification of Matter,1,4,D
Classification of Matter,1,5,D
Classification of Matter,1,6,B
Classification of Matter,1,7,D
Classification of Matter,1,8,B
Classification of Matter,1,9,B
Classification of Matter,1,10,B
Classification of Matter,1,11,A
Classification of Matter,1,12,A
Classification of Matter,1,13,B
Classification of Matter,1,14,D
Classification of Matter,1,15,C
Classification of Matter,2,1,C
Classification of Matter,2,2,B
Classification of Matter,2,3,C
Classification of Matter,2,4,A
Classification of Matter,2,5,C
Classification of Matter,2,6,A
Classification of Matter,2,7,C
Classification of Matter,2,8,C
Classification of Matter,2,9,B
Classification of Matter,2,10,D
Classification of Matter,2,11,C
Classification of Matter,2,12,C
Classification of Matter,2,13,C
Classification of Matter,2,14,A
Classification of Matter,2,15,A
Classification of Matter,3,1,C
Classification of Matter,3,2,C
Classification of Matter,3,3,A
Classification of Matter,3,4,A
Classification of Matter,3,5,B
Classification of Matter,3,6,D
Classification of Matter,3,7,A
Classification of Matter,3,8,C
Classification of Matter,3,9,A
Classification of Matter,3,10,A
Classification of Matter,3,11,A
Classification of Matter,3,12,B
Classification of Matter,3,13,A
Classification of Matter,3,14,C
Classification of Matter,3,15,B
Classification of Matter,4,1,A
Classification of Matter,4,2,D
Classification of Matter,4,3,B
Classification of Matter,4,4,C
Classification of Matter,4,5,C
Classification of Matter,4,6,C
Classification of Matter,4,7,D
Classification of Matter,4,8,B
Classification of Matter,4,9,C
Classification of Matter,4,10,B
Classification of Matter,4,11,C
Classification of Matter,4,12,C
Classification of Matter,4,13,B
Classification of Matter,4,14,A
Classification of Matter,4,15,A
